seq,task_id,title,category,impl_status,req_ref,screen,route,page_entry,depends_on,expected_files,functional_ac,visual_ac,security_ac,verify,priority,detail_file,detail_file_exists,wave_id
1,GLOBAL-DESIGN-TOKENS,디자인 토큰 설정,GLOBAL,PLANNED_FULL,(없음),GLOBAL,전체,—,(없음),"`tailwind.config.ts`(신규), `src/app/globals.css`(수정)",D-001 §2~§6 색상/타이포/라운드/spacing/shadow 토큰을 Tailwind theme로 등록; Inter+시스템 한글 폰트 스택 적용,임의 색상 추가 금지 — D-001 토큰 표에 없는 hex 사용 금지,해당 없음,수동 스타일 대조(D-001 vs 렌더 결과),P0,TASKS/TASK-GLOBAL-DESIGN-TOKENS.md,True,W01
2,GLOBAL-LAYOUT-NAV-FOOTER,전역 Header/Footer 레이아웃,GLOBAL,PLANNED_FULL,"REQ-FUNC-064, REQ-FUNC-065",GLOBAL,전체 5개 Screen,`src/app/layout.tsx`,GLOBAL-DESIGN-TOKENS,"`src/app/layout.tsx`(전면 교체), `src/components/layout/Header.tsx`, `src/components/layout/Footer.tsx`, `src/components/layout/MobileNavSheet.tsx`(신규)","Desktop 72px/Mobile 56px Header, 4개 내비(여행지/여행 준비/동행 찾기/대표 소개)+계정 진입, Mobile 햄버거 시트; Footer 4열/1열 반응형(D-001 §7)",320px~Desktop 가로 스크롤/겹침 없음; 활성 메뉴 코랄 밑줄+`aria-current`,해당 없음,Playwright E2E-PUBLIC-SMOKE 반응형 뷰포트 확인,P0,TASKS/TASK-GLOBAL-LAYOUT-NAV-FOOTER.md,True,W02
3,GLOBAL-SEO-METADATA,페이지별 SEO 메타데이터,GLOBAL,PLANNED_FULL,"REQ-FUNC-070, REQ-NF-030",GLOBAL,전체 5개 Screen,각 Screen `page.tsx`,(없음),"각 `page.tsx`의 `generateMetadata`/`export const metadata`(각 Page Owner Task에서 함께 작성, 본 Task는 공통 유틸) `src/lib/seo.ts`(신규)","title/description/canonical/OG 공통 빌더 제공, 5개 Screen 모두 호출",해당 없음,해당 없음,빌드 후 메타 태그 자동 검사 스크립트,P1,TASKS/TASK-GLOBAL-SEO-METADATA.md,True,W01
4,GLOBAL-A11Y-TOAST,공용 접근성 프리미티브 + Toast,GLOBAL,PLANNED_FULL,"REQ-FUNC-043, REQ-FUNC-079",GLOBAL,"SCR-004, SCR-005 트리거",—,GLOBAL-DESIGN-TOKENS,"`src/components/ui/Toast.tsx`, `src/components/ui/FocusRing.tsx`, `src/hooks/useToast.ts`(신규)","참가 요청 접수/승인/거절, 신고 접수, URL 저장 결과를 **실제 이메일 발송 없이 Toast로만** 표시(PROJECT_SCOPE 구현 방식 원칙); 폼/모달/탭에 시맨틱 HTML+ARIA 상태","2px 코랄 포커스 아웃라인(offset 2px), 44×44px 터치 영역",해당 없음,axe-core 자동 검사(E2E-PUBLIC-SMOKE에 통합),P1,TASKS/TASK-GLOBAL-A11Y-TOAST.md,True,W02
5,DATA-DESTINATIONS,여행지 정적 데이터,DATA,PLANNED_FULL,"REQ-FUNC-001, REQ-FUNC-002, REQ-FUNC-003, REQ-FUNC-004, REQ-FUNC-005, REQ-FUNC-007, REQ-FUNC-008, REQ-FUNC-009, REQ-FUNC-010, REQ-NF-026, REQ-NF-029","SCR-001, SCR-002",`/`,—,(없음),"`src/data/destinations.ts`, `src/data/destinations.schema.ts`, `scripts/validate_destinations.ts`(신규)","국내 10개 이상·해외 15개국 30개 도시 이상 시드; TS interface로 소개/명소5+/1·3일 일정/예산/교통/음식3+/에티켓/출처/수정일 강제; `scope: DOMESTIC/OVERSEAS`, `themes[]`, `countryCode` 필드",이미지 `alt`/`sourceUrl`/`author`/`licenseType` 필수 필드 스키마,해당 없음(공개 정적 데이터),"`scripts/validate_destinations.ts` CI 실행(수량/필드 검증, REQ-NF-026)",P0,TASKS/TASK-DATA-DESTINATIONS.md,True,W01
6,DATA-SAFETY,국가 안전정보 정적 데이터,DATA,PLANNED_FULL,"REQ-FUNC-046, REQ-NF-027",SCR-001,`/`,—,(없음),"`src/data/country-safety.ts`, `scripts/validate_safety_coverage.ts`(신규)",소개된 해외 15개국 전체에 치안/사기/법규/교통/재난/보건/문화/긴급연락처 8개 카테고리 + `sourceName`/`sourceUrl`/`verifiedAt`/`editor`/`scopeType`/`scopeText`/`advisoryLevel` 필드 강제,해당 없음,공식 출처 URL 없이 게시 불가(스키마 레벨 강제),`scripts/validate_safety_coverage.ts`로 국가 수 diff 0건 확인(REQ-FUNC-046/REQ-NF-027),P0,TASKS/TASK-DATA-SAFETY.md,True,W01
7,DATA-REPRESENTATIVE,대표 소개 정적 데이터,DATA,PLANNED_FULL,"REQ-FUNC-057, REQ-FUNC-058, REQ-FUNC-059, REQ-FUNC-060, REQ-FUNC-061, REQ-FUNC-063, REQ-NF-029",SCR-002,`/about`,—,(없음),`src/data/representative-profile.ts`(신규),`displayName`(free_traveler)/`50+ Trips`/`30+ Countries`/소개문/철학/`visitedCountries[]`(30개국 이상)/`timeline[]`(6개 이상)/추천 여행지 6곳(slug 참조),이미지 메타데이터 누락 시 빌드 경고 + 기본 플레이스홀더 지정,해당 없음,데이터 리뷰 체크리스트(REQ-FUNC-057/058/059/060),P1,TASKS/TASK-DATA-REPRESENTATIVE.md,True,W01
8,DB-SCHEMA-BASE,Supabase DB 스키마(6테이블),DB,PLANNED_FULL,"REQ-FUNC-028, REQ-FUNC-029, REQ-FUNC-035",GLOBAL,—,—,(없음),`supabase/migrations/0001_base_schema.sql`(신규),"정확히 6개 테이블만 생성: `user_profile`, `mate_post`, `mate_application`, `user_block`, `report`, `outbound_link_setting`. `user_profile.is_adult`/`adult_verified_at`(정확한 생년월일 미저장), `mate_application`에 (post_id, applicant_id, status IN PENDING/ACCEPTED) UNIQUE 제약",해당 없음,여행지·안전정보·대표소개·감사로그용 테이블은 만들지 않음(DATA-* Task와 중복 금지),`supabase db diff` + 마이그레이션 dry-run,P0,TASKS/TASK-DB-SCHEMA-BASE.md,True,W03
9,DB-RLS-BASE,RLS 정책,DB,PLANNED_FULL,"REQ-FUNC-044, REQ-NF-013",GLOBAL,—,—,DB-SCHEMA-BASE,`supabase/migrations/0002_rls_policies.sql`(신규),"6개 테이블 전체에 RLS 활성화; 본인 글/요청, 요청 대상 작성자, Moderator/Admin만 비공개 데이터 열람 가능하도록 정책 정의",해당 없음,역할별 부정 접근이 403/빈 결과로 차단됨을 정책 레벨에서 보장,TEST-RLS-BASIC,P0,TASKS/TASK-DB-RLS-BASE.md,True,W04
10,DB-ACCESS,타입 안전 DB 접근 레이어,DB,PLANNED_FULL,REQ-NF-015,GLOBAL,—,—,"DB-SCHEMA-BASE, DB-RLS-BASE","`src/lib/supabase/client.ts`, `src/lib/supabase/server.ts`, `src/lib/validation/*.schema.ts`(zod, 신규)","모든 쓰기 경로에 zod 서버 측 입력 검증 적용, React 자동 이스케이프 외 저장 XSS 방지 계층 제공",해당 없음,OWASP 기반 XSS 페이로드로 저장 시도 시 차단,수동 침투 테스트 시나리오(SRS §6.8.2 항목 6),P0,TASKS/TASK-DB-ACCESS.md,True,W05
11,DB-SEED-BASE,로컬/테스트 시드 데이터,DB,PLANNED_FULL,(없음),GLOBAL,—,—,DB-SCHEMA-BASE,`supabase/seed.sql`(신규),TEST-RLS-BASIC·E2E-MATE-AUTH가 사용할 최소 사용자/모집글/요청 샘플 데이터 삽입 스크립트,해당 없음,시드 데이터는 실제 개인정보 아님(가짜 값만 사용),`supabase db reset --seed` 로컬 실행 확인,P1,TASKS/TASK-DB-SEED-BASE.md,True,W04
12,AUTH-SETUP,Supabase Auth 이메일 인증 흐름,AUTH,PLANNED_FULL,"REQ-FUNC-066, REQ-FUNC-027, REQ-NF-014",SCR-005,"`/account`, `/auth/callback`",`src/app/auth/callback/route.ts`,DB-SCHEMA-BASE,"`src/app/auth/callback/route.ts`, `src/lib/auth/session.ts`(신규)",이메일 가입/인증/로그인/로그아웃/비밀번호 재설정; 동행 쓰기 API 진입 전 서버 세션 검증(비회원 401),해당 없음,Supabase SSR 쿠키(SameSite) 기반 CSRF 방어; 미인증 계정은 쓰기 권한 없음,E2E-MATE-AUTH,P0,TASKS/TASK-AUTH-SETUP.md,True,W04
13,API-MATE-POSTS,동행 모집글 API,API,PLANNED_FULL,"REQ-FUNC-027, REQ-FUNC-033, REQ-FUNC-038","SCR-003, SCR-004, SCR-005",`/api/mates`,`src/app/api/mates/route.ts`,"DB-SCHEMA-BASE, DB-RLS-BASE, DB-ACCESS, AUTH-SETUP","`src/app/api/mates/route.ts`, `src/app/api/mates/[id]/route.ts`(신규)","GET 목록/상세, POST 생성(세션 필요, 401 차단), PATCH/DELETE(작성자만)",해당 없음,응답 직렬화 시 이메일/전화번호 필드 제외(REQ-FUNC-033),UNIT 테스트(응답 스냅샷) + E2E-MATE-AUTH,P0,TASKS/TASK-API-MATE-POSTS.md,True,W07
14,API-MATE-APPLICATIONS,참가 요청 API,API,PLANNED_FULL,"REQ-FUNC-034, REQ-FUNC-035, REQ-FUNC-036","SCR-004, SCR-005",`/api/mates/[id]/requests`,`src/app/api/mates/[id]/requests/route.ts`,"DB-SCHEMA-BASE, DB-RLS-BASE, DB-ACCESS, AUTH-SETUP","`src/app/api/mates/[id]/requests/route.ts`, `src/app/api/applications/[id]/route.ts`(신규)",POST 참가 메시지(500자 제한) PENDING 저장; PATCH 작성자만 ACCEPTED/REJECTED 전환(비작성자 403),해당 없음,중복 PENDING/ACCEPTED 요청은 DB UNIQUE 제약으로 차단,E2E-MATE-AUTH,P0,TASKS/TASK-API-MATE-APPLICATIONS.md,True,W13
15,API-REPORTS-BLOCKS,신고·차단 API,API,PLANNED_REDUCED,"REQ-FUNC-039, REQ-FUNC-040, REQ-NF-019",SCR-004,`/api/mates/[id]/report`,`src/app/api/mates/[id]/report/route.ts`,"DB-SCHEMA-BASE, DB-RLS-BASE, DB-ACCESS, AUTH-SETUP","`src/app/api/mates/[id]/report/route.ts`, `src/app/api/blocks/route.ts`, `src/app/api/blocks/[id]/route.ts`(신규)","신고 접수(사유 코드+설명) 즉시 접수 ID/시각 반환; 차단/차단 해제, 차단 관계 기반 노출 제한",해당 없음,축소 구현: 우선순위·증거 UI 없음(REQ-FUNC-041과 연동해 상태만 관리),UNIT + 수동 확인(차단 후 상호 미노출),P0,TASKS/TASK-API-REPORTS-BLOCKS.md,True,W13
16,API-ADMIN-OPERATIONS,관리자 API(신고 상태/외부 URL),API,PLANNED_REDUCED,"REQ-FUNC-041, REQ-FUNC-077",SCR-005,`/api/admin/outbound-urls`,`src/app/api/admin/outbound-urls/route.ts`,"DB-SCHEMA-BASE, DB-RLS-BASE, DB-ACCESS, AUTH-SETUP","`src/app/api/admin/outbound-urls/route.ts`, `src/app/api/admin/reports/route.ts`(신규)","신고 목록 OPEN/RESOLVED/DISMISSED 필터+상태 변경(우선순위·증거 UI 제외, 축소); 항공·숙소 URL을 HTTPS 허용목록으로만 저장",해당 없음,HTTP/`javascript:`/`data:` URL 저장 시도 차단; Admin 역할만 접근(RLS),UNIT(URL 검증) + E2E-MATE-AUTH 관리자 시나리오,P0,TASKS/TASK-API-ADMIN-OPERATIONS.md,True,W14
17,COMP-SHARED-DESTINATION-CARD,여행지 카드(공용),COMPONENT,PLANNED_FULL,"REQ-FUNC-004, REQ-FUNC-007","SCR-001, SCR-002",—,—,DATA-DESTINATIONS,`src/components/shared/DestinationCard.tsx`(신규),"사진+제목+메타(지역/기간)+태그 1개, 4:3 이미지, D-001 §9 규격","`radius.md` 카드, 별점/광고 UI 없음",해당 없음,Storybook 유사 수동 렌더 확인,P0,TASKS/TASK-COMP-SHARED-DESTINATION-CARD.md,True,W02
18,COMP-SHARED-MATE-POST-CARD,동행 모집글 카드(공용),COMPONENT,PLANNED_FULL,(없음),"SCR-001, SCR-004",—,—,(없음),`src/components/shared/MatePostCard.tsx`(신규),제목/국가·지역·기간/모집 인원/스타일 태그/신뢰 배지(성인 확인 완료 텍스트 배지),"별점(★)·매너온도·평점 금지, ""성인 확인 완료"" 텍스트 배지만",이메일·연락처 필드 렌더링 금지,수동 렌더 확인,P1,TASKS/TASK-COMP-SHARED-MATE-POST-CARD.md,True,W01
19,COMP-SHARED-CTA-BANNER,CTA 배너(공용),COMPONENT,PLANNED_FULL,(없음),"SCR-001, SCR-002, SCR-003, SCR-004",—,—,GLOBAL-DESIGN-TOKENS,`src/components/shared/CtaBanner.tsx`(신규),코랄 틴트 배경 + 헤드라인 + 설명 + 버튼 1~2개(D-001 §19 CTA Banner 패턴),해당 없음,해당 없음,수동 렌더 확인,P2,TASKS/TASK-COMP-SHARED-CTA-BANNER.md,True,W02
20,COMP-SHARED-MATE-STATE-UTIL,동행글 파생 상태 계산,COMPONENT,PLANNED_FULL,REQ-FUNC-037,"SCR-004, SCR-005",—,—,(없음),"`src/lib/mate/deriveStatus.ts`(신규, 순수 함수)","조회 시점에 `종료일 < 오늘`이면 CLOSED로 파생(배치 없음, PROJECT_SCOPE 구현 방식 원칙)",해당 없음,해당 없음,UNIT-MATE-STATE,P0,TASKS/TASK-COMP-SHARED-MATE-STATE-UTIL.md,True,W01
21,COMP-SHARED-FAVORITES-SHARE,즐겨찾기·공유 훅,COMPONENT,PLANNED_FULL,"REQ-FUNC-068, REQ-FUNC-069","SCR-001, SCR-004",—,—,DATA-DESTINATIONS,"`src/hooks/useFavorites.ts`, `src/hooks/useSharePage.ts`(신규)","즐겨찾기는 서버 저장 없이 **localStorage**에 slug 배열로 저장/해제(중복 방지, PROJECT_SCOPE 구현 방식 원칙); Web Share API 우선, 미지원 시 클립보드 복사 폴백",해당 없음,해당 없음,수동: 새로고침 후 즐겨찾기 유지 확인,P1,TASKS/TASK-COMP-SHARED-FAVORITES-SHARE.md,True,W02
22,COMP-SCR001-SEARCH-BAR,통합 검색바,COMPONENT,PLANNED_FULL,"REQ-FUNC-003, REQ-FUNC-067",SCR-001,`/`,—,"DATA-DESTINATIONS, DATA-SAFETY",`src/components/scr001/SearchBar.tsx`(신규),"여행지명/국가명/테마 + 안전정보 통합 키워드 검색, 한글 부분 일치, 결과 유형 라벨 표시","pill 검색창(`radius.full`), Hero 내 배치",해당 없음,UNIT(검색 매칭 로직),P0,TASKS/TASK-COMP-SCR001-SEARCH-BAR.md,True,W05
23,COMP-SCR001-DESTINATION-EXPLORER,여행지 목록/필터/테마,COMPONENT,PLANNED_FULL,"REQ-FUNC-001, REQ-FUNC-002, REQ-FUNC-005, REQ-FUNC-009, REQ-FUNC-010, REQ-NF-004",SCR-001,`/`,—,"DATA-DESTINATIONS, COMP-SHARED-DESTINATION-CARD",`src/components/scr001/DestinationExplorer.tsx`(신규),"국내/해외 탭, 국가·도시·계절·테마·기간 AND 필터, 관련 여행지 최대 6개, URL query 상태 동기화(`useSearchParams`, 허용 키만)","국내 6장/해외 6장 최소 노출, Card Grid Desktop 3~4열/Mobile 1열",해당 없음,필터 조합 수동 테스트 + E2E-PUBLIC-SMOKE,P0,TASKS/TASK-COMP-SCR001-DESTINATION-EXPLORER.md,True,W04
24,COMP-SCR001-DESTINATION-DRAWER,여행지 상세 Drawer,COMPONENT,PLANNED_FULL,"REQ-FUNC-004, REQ-FUNC-006, REQ-FUNC-009",SCR-001,`/`,—,"DATA-DESTINATIONS, COMP-SCR001-SAFETY-DRAWER",`src/components/scr001/DestinationDrawer.tsx`(신규),"소개/명소5+/추천시기/1·3일 일정/예산/교통/음식3+/에티켓/출처/수정일 전체 표시, ""이 국가 안전정보 보기"" 클릭 시 안전정보 패널 push","Desktop 우측 슬라이드인 480~560px, Mobile 하단 풀스크린(닫기 버튼 44×44px 이상)",해당 없음,수동 키보드 포커스 이동/`Esc` 닫힘 확인,P0,TASKS/TASK-COMP-SCR001-DESTINATION-DRAWER.md,True,W06
25,COMP-SCR001-SAFETY-DRAWER,국가 안전정보 Drawer,COMPONENT,PLANNED_FULL,"REQ-FUNC-047, REQ-FUNC-048, REQ-FUNC-049, REQ-FUNC-050, REQ-FUNC-051, REQ-FUNC-052, REQ-FUNC-053, REQ-FUNC-054, REQ-NF-028",SCR-001,`/`,—,DATA-SAFETY,`src/components/scr001/SafetyDrawer.tsx`(신규),"8개 카테고리, 출처/확인일, MOFA 링크(새 탭), 중대 경보 상단 텍스트 표시, 국가/지역 범위 구분, 긴급연락처, 렌더링 시점에 `오늘-verifiedAt>7일`이면 stale 배지",경고는 색상만이 아닌 아이콘+텍스트(⚠ 재확인 필요),해당 없음,verifiedAt 조작 테스트로 stale 배지 노출 확인,P0,TASKS/TASK-COMP-SCR001-SAFETY-DRAWER.md,True,W05
26,COMP-SCR001-MATE-PREVIEW,동행 미리보기(SCR-001용),COMPONENT,PLANNED_FULL,(없음),SCR-001,`/`,—,"COMP-SHARED-MATE-POST-CARD, API-MATE-POSTS",`src/components/scr001/MatePreview.tsx`(신규),"모집중 동행글 최신 3건 조회, `/mates` 이동 CTA","3건 미만 시 완성형 Empty State(안내+이용방법+""동행글 작성하기"" CTA), 빈 카드 금지; API 조회 중 Skeleton 카드 표시(레이아웃 폭 고정), 조회 실패 시 빈 화면 대신 재시도 버튼이 있는 인라인 오류 상태 표시",해당 없음,수동: 0건/1~2건/3건 각 상태 확인,P1,TASKS/TASK-COMP-SCR001-MATE-PREVIEW.md,True,W08
27,COMP-SCR002-STAT-CARD,대표 지표 카드,COMPONENT,PLANNED_FULL,REQ-FUNC-057,SCR-002,`/about`,—,DATA-REPRESENTATIVE,`src/components/scr002/StatCard.tsx`(신규),"`50+ Trips`/`30+ Countries` 표시, SCR-001 소개 배지와 동일 값 참조(단일 소스)",해당 없음,해당 없음,두 화면 값 일치 스냅샷 테스트,P1,TASKS/TASK-COMP-SCR002-STAT-CARD.md,True,W07
28,COMP-SCR002-INTRO-PHILOSOPHY,소개·철학 섹션,COMPONENT,PLANNED_FULL,REQ-FUNC-058,SCR-002,`/about`,—,DATA-REPRESENTATIVE,`src/components/scr002/IntroPhilosophy.tsx`(신규),확정 소개문·철학·편집 원칙 표시(PRD 원문 그대로),해당 없음,해당 없음,텍스트-PRD 대조 확인,P2,TASKS/TASK-COMP-SCR002-INTRO-PHILOSOPHY.md,True,W07
29,COMP-SCR002-TIMELINE,여행 타임라인,COMPONENT,PLANNED_FULL,REQ-FUNC-060,SCR-002,`/about`,—,DATA-REPRESENTATIVE,`src/components/scr002/Timeline.tsx`(신규),"연도·장소·요약 포함 6개 이상 시점, Desktop 가로/Mobile 세로 스택",최소 6개 시점 노출,해당 없음,항목 필드 존재 확인,P2,TASKS/TASK-COMP-SCR002-TIMELINE.md,True,W07
30,COMP-SCR002-FOOTPRINT-CHIPS,방문 국가 Chip 목록,COMPONENT,PLANNED_FULL,REQ-FUNC-059,SCR-002,`/about`,—,DATA-REPRESENTATIVE,`src/components/scr002/FootprintChips.tsx`(신규),"권역별 30개국 이상 Chip, 클릭 시 권역 설명 토글",최소 30개국 노출,해당 없음,렌더링·링크 오류 수동 확인,P2,TASKS/TASK-COMP-SCR002-FOOTPRINT-CHIPS.md,True,W06
31,COMP-SCR002-GALLERY,갤러리,COMPONENT,PLANNED_FULL,"REQ-FUNC-061, REQ-NF-029",SCR-002,`/about`,—,DATA-REPRESENTATIVE,`src/components/scr002/Gallery.tsx`(신규),"8장 이상 사진 그리드, 각 alt 실제 장면 설명",Lazy-load 시 `color.surface-soft` 고정 치수 블록(CLS 방지),"메타데이터 없는 이미지는 게시 차단, 기본 플레이스홀더 대체",데이터 검증 스크립트 + 수동 확인,P2,TASKS/TASK-COMP-SCR002-GALLERY.md,True,W06
32,COMP-SCR002-FAVORITE-PLACES,기억에 남는 여행지 + CTA,COMPONENT,PLANNED_FULL,REQ-FUNC-063,SCR-002,`/about`,—,"DATA-REPRESENTATIVE, COMP-SHARED-DESTINATION-CARD, COMP-SHARED-CTA-BANNER",`src/components/scr002/FavoritePlaces.tsx`(신규),"추천 여행지 4곳 → SCR-001 상세 Drawer로 이동, 비공개 여행지는 자동 제외+대체 후보",최소 4장 노출,해당 없음,수동: 비공개 항목 제외 확인,P1,TASKS/TASK-COMP-SCR002-FAVORITE-PLACES.md,True,W06
33,COMP-SCR003-TAB-SWITCHER,항공/숙소/동행 탭 스위처,COMPONENT,PLANNED_FULL,"REQ-FUNC-011(탭 전환 문맥), REQ-FUNC-019(탭 전환 문맥)",SCR-003,`/travel-tools`,—,(없음),`src/components/scr003/TabSwitcher.tsx`(신규),"Pill 탭 3개(항공/숙소/동행 구하기), 탭별 독립 상태(state 전환, URL 유지)","활성 탭 코랄 배경, 44×44px 이상 터치 영역",해당 없음,수동: 탭 전환 시 상태 상호 오염 없음 확인,P0,TASKS/TASK-COMP-SCR003-TAB-SWITCHER.md,True,W11
34,COMP-SCR003-FLIGHT-FORM,항공 폼·요약·외부 이동,COMPONENT,PLANNED_FULL,"REQ-FUNC-011, REQ-FUNC-012, REQ-FUNC-013, REQ-FUNC-014, REQ-FUNC-015, REQ-FUNC-016, REQ-FUNC-017, REQ-FUNC-018, REQ-FUNC-054, REQ-NF-017",SCR-003,`/travel-tools`,—,(없음),`src/components/scr003/FlightForm.tsx`(신규),"국가/지역/출발일/귀국일 필수 필드, 국가 종속 지역 파생, 경계값 검증, 요약 단계 전환, 비전달 고지+공식 판단 대체 아님 고지(054), `FLIGHT_OUTBOUND_URL` 새 탭 이동",오류/재시도 UI 인라인 표시,"**항공 입력값(국가·지역·날짜)을 서버·DB·외부 URL 쿼리·분석 이벤트로 전송하지 않는다** — Client Component 휘발성 상태로만 유지(REQ-FUNC-017, REQ-NF-017); 외부 이동은 새 탭+`noopener,noreferrer`, HTTPS 허용목록 URL만",UNIT-TRAVEL-DATES + 네트워크 탭 검사(원시값 0건),P0,TASKS/TASK-COMP-SCR003-FLIGHT-FORM.md,True,W11
35,COMP-SCR003-HOTEL-FORM,숙소 폼·요약·외부 이동,COMPONENT,PLANNED_FULL,"REQ-FUNC-019, REQ-FUNC-020, REQ-FUNC-021, REQ-FUNC-022, REQ-FUNC-023, REQ-FUNC-024, REQ-FUNC-025, REQ-FUNC-026, REQ-NF-017",SCR-003,`/travel-tools`,—,(없음),`src/components/scr003/HotelForm.tsx`(신규),"국가/지역/체크인/체크아웃 필수 필드, 국가 종속 지역 파생(FlightForm과 로직 공유 가능), 경계값 검증, 요약, 비전달 고지, `HOTEL_OUTBOUND_URL` 새 탭 이동",오류/재시도 UI 인라인 표시,"**숙소 입력값을 서버·DB·외부 URL 쿼리·분석 이벤트로 전송하지 않는다**(REQ-FUNC-025, REQ-NF-017); 새 탭+`noopener,noreferrer`, HTTPS 허용목록만",UNIT-TRAVEL-DATES + 네트워크 탭 검사,P0,TASKS/TASK-COMP-SCR003-HOTEL-FORM.md,True,W11
36,COMP-SCR003-MATE-COMPOSER,동행 작성 폼/로그인·안전 안내,COMPONENT,PLANNED_FULL,"REQ-FUNC-027, REQ-FUNC-031, REQ-FUNC-032, REQ-FUNC-080",SCR-003,`/travel-tools`,—,"API-MATE-POSTS, AUTH-SETUP, ROUTE-POLICY-PAGES",`src/components/scr003/MateComposer.tsx`(신규),"비로그인/미성년: 안전 안내+로그인 CTA만 표시(폼 미노출). 로그인+성인 확인 완료: 제목/국가/지역/기간/인원/조건/설명/안전수칙 동의 폼, 연락처 패턴 탐지 시 제출 차단+수정 안내",완성형 안내(빈 폼만 노출 금지),이메일 인증 세션 없으면 서버(API-MATE-POSTS)에서도 401 차단(이중 방어); 안전수칙 동의 시각 저장,UNIT-CONTACT-DETECTION + E2E-TRAVEL-TOOLS,P0,TASKS/TASK-COMP-SCR003-MATE-COMPOSER.md,True,W11
37,COMP-SCR004-FILTER-BAR,동행 필터 바,COMPONENT,PLANNED_FULL,"REQ-FUNC-030, REQ-NF-004",SCR-004,`/mates`,—,API-MATE-POSTS,`src/components/scr004/FilterBar.tsx`(신규),"국가·지역·기간 겹침·연령대·성별·스타일·모집 상태 필터 + 결과 요약 문장, 차단 사용자 글 제외",필터 적용 중 결과 영역에 로딩 상태(Skeleton) 표시; API 조회 실패 시 재시도 버튼이 있는 인라인 오류 메시지 표시(빈 화면 금지),해당 없음,필터 조합 테스트 + E2E-MATE-AUTH,P0,TASKS/TASK-COMP-SCR004-FILTER-BAR.md,True,W13
38,COMP-SCR004-MATE-LIST,동행 모집글 목록,COMPONENT,PLANNED_FULL,"REQ-FUNC-030, REQ-FUNC-037",SCR-004,`/mates`,—,"API-MATE-POSTS, COMP-SHARED-MATE-POST-CARD, COMP-SHARED-MATE-STATE-UTIL",`src/components/scr004/MateList.tsx`(신규),"최대 8건 우선 노출, CLOSED 파생 상태 즉시 반영","결과 0건 시 완성형 Empty State(안내 문장+""검색 조건 초기화""+""새 동행글 작성하기"" CTA+이용 방법 앵커), 빈 카드 금지; 목록 로딩 중 Skeleton 카드 표시, API 조회 실패 시 재시도 버튼이 있는 인라인 오류 상태 표시(빈 화면 금지)",해당 없음,E2E-MATE-AUTH,P0,TASKS/TASK-COMP-SCR004-MATE-LIST.md,True,W13
39,COMP-SCR004-MATE-DETAIL,동행 상세 패널/Drawer,COMPONENT,PLANNED_FULL,REQ-FUNC-033,SCR-004,`/mates`,—,API-MATE-POSTS,`src/components/scr004/MateDetailPanel.tsx`(신규),"Desktop 좌(목록)+우(상세), Mobile 목록→하단 Drawer 전환; 작성자/상태/조건/설명 표시",상세 데이터 로딩 중 Skeleton 표시(레이아웃 폭 고정); 조회 실패 시 재시도 버튼이 있는 인라인 오류 상태 표시(빈 패널 금지),이메일·전화번호 등 연락처 미노출(API 응답 계약과 일치),수동 반응형 전환 확인,P0,TASKS/TASK-COMP-SCR004-MATE-DETAIL.md,True,W13
40,COMP-SCR004-PARTICIPATION-REQUEST,참가 요청 폼,COMPONENT,PLANNED_FULL,"REQ-FUNC-034, REQ-FUNC-035",SCR-004,`/mates`,—,"API-MATE-APPLICATIONS, AUTH-SETUP",`src/components/scr004/ParticipationRequestForm.tsx`(신규),"최대 500자 비공개 메시지 제출, 중복 PENDING/ACCEPTED 시 인라인 오류",해당 없음,비로그인/미성년 시 폼 대신 로그인 유도 안내(REQ-FUNC-044 서버 이중 방어),E2E-MATE-AUTH,P0,TASKS/TASK-COMP-SCR004-PARTICIPATION-REQUEST.md,True,W14
41,COMP-SCR004-REPORT-FORM,신고 폼,COMPONENT,PLANNED_REDUCED,REQ-FUNC-039,SCR-004,`/mates`,—,"API-REPORTS-BLOCKS, AUTH-SETUP",`src/components/scr004/ReportForm.tsx`(신규),"사유 코드+설명 입력, 접수 ID/시각 즉시 표시(우선순위·증거 UI 없음, 축소)",해당 없음,비로그인/미성년 폼 미노출,수동 확인(접수 ID 표시),P1,TASKS/TASK-COMP-SCR004-REPORT-FORM.md,True,W14
42,COMP-SCR004-BLOCK-ACTION,차단 버튼,COMPONENT,PLANNED_REDUCED,REQ-FUNC-040,SCR-004,`/mates`,—,"API-REPORTS-BLOCKS, AUTH-SETUP",`src/components/scr004/BlockAction.tsx`(신규),차단/차단 해제 토글 버튼,해당 없음,차단 후 상호 글/프로필/요청 미노출(FILTER-BAR/API와 연동),수동 확인(차단 전후 노출 비교),P1,TASKS/TASK-COMP-SCR004-BLOCK-ACTION.md,True,W14
43,COMP-SCR005-ROLE-TABS,역할 기반 탭 스위처,COMPONENT,PLANNED_FULL,(없음),SCR-005,`/account`,—,AUTH-SETUP,`src/components/scr005/RoleTabs.tsx`(신규),로그인 상태·역할(Guest/Adult Member/Moderator·Admin)에 따라 렌더링되는 탭이 서버 컴포넌트 단계에서부터 다름(CSS 숨김 금지),역할에 없는 탭은 DOM에 존재하지 않음(개발자 도구로 확인 가능해야 함),클라이언트 role 판정만으로 끝내지 않고 서버(RLS)에서도 재검증,TEST-RLS-BASIC + 수동 role 전환 확인,P0,TASKS/TASK-COMP-SCR005-ROLE-TABS.md,True,W16
44,COMP-SCR005-AUTH-FORMS,로그인/가입/비밀번호 재설정 폼,COMPONENT,PLANNED_FULL,REQ-FUNC-066,SCR-005,`/account`,—,AUTH-SETUP,`src/components/scr005/AuthForms.tsx`(신규),이메일 가입/인증/로그인/로그아웃/비밀번호 재설정 폼 3종,해당 없음,미인증 계정은 쓰기 권한 없음(E2E로 확인),E2E-MATE-AUTH,P0,TASKS/TASK-COMP-SCR005-AUTH-FORMS.md,True,W16
45,COMP-SCR005-PROFILE-FORM,프로필/성인 확인,COMPONENT,PLANNED_FULL,"REQ-FUNC-028, REQ-FUNC-029",SCR-005,`/account`,—,"AUTH-SETUP, DB-ACCESS",`src/components/scr005/ProfileForm.tsx`(신규),"닉네임/연령대/스타일 필수, 성별/자기소개 선택; 성인 확인 상태 배지+확인 CTA",해당 없음,"정확한 생년월일 미수집, `is_adult`+`adult_verified_at`만 저장",필수/선택 필드 검증 테스트,P0,TASKS/TASK-COMP-SCR005-PROFILE-FORM.md,True,W16
46,COMP-SCR005-MY-ACTIVITY,내 활동(글/요청/차단 관리),COMPONENT,PLANNED_FULL,"REQ-FUNC-036, REQ-FUNC-038",SCR-005,`/account`,—,"API-MATE-POSTS, API-MATE-APPLICATIONS, COMP-SHARED-MATE-STATE-UTIL",`src/components/scr005/MyActivity.tsx`(신규),"내가 쓴 동행글(수정/마감/삭제, 승인 요청 있으면 경고 다이얼로그), 보낸/받은 참가 요청(승인/거절), 차단 목록","각 목록 0건 시 완성형 Empty State(안내+이용 방법+CTA), 빈 카드 금지; 각 목록 로딩 중 Skeleton 표시, API 조회 실패 시 재시도 버튼이 있는 인라인 오류 상태 표시(빈 화면 금지)",본인 데이터만 조회(RLS로 이중 방어),E2E-MATE-AUTH,P0,TASKS/TASK-COMP-SCR005-MY-ACTIVITY.md,True,W16
47,COMP-SCR005-ADMIN-PANEL,"관리자 탭(신고/URL, 2 Section)",COMPONENT,PLANNED_REDUCED,"REQ-FUNC-041, REQ-FUNC-077",SCR-005,`/account`,—,"API-ADMIN-OPERATIONS, AUTH-SETUP",`src/components/scr005/AdminPanel.tsx`(신규),정확히 2개 Section만: ①신고 처리 현황(OPEN/RESOLVED/DISMISSED 필터) ②외부 URL 설정(항공/숙소 HTTPS URL 설정),"통계 그래프/KPI 카드/감사 로그 타임라인 금지; 신고 목록·URL 설정 로딩 중 Skeleton 표시, API 조회 실패 시 재시도 버튼이 있는 인라인 오류 상태 표시(빈 화면 금지)",Admin 역할이 아니면 렌더링 자체가 없음(RLS 이중 방어); HTTP/`javascript:`/`data:` URL 저장 차단,E2E-MATE-AUTH 관리자 시나리오,P0,TASKS/TASK-COMP-SCR005-ADMIN-PANEL.md,True,W16
48,PAGE-SCR001,SCR-001 홈 페이지 조립,PAGE_OWNER,PLANNED_FULL,"REQ-FUNC-001, REQ-FUNC-064, REQ-FUNC-065, REQ-FUNC-070",SCR-001,`/`,`src/app/page.tsx`,"COMP-SCR001-SEARCH-BAR, COMP-SCR001-DESTINATION-EXPLORER, COMP-SHARED-DESTINATION-CARD, COMP-SCR001-DESTINATION-DRAWER, COMP-SCR001-SAFETY-DRAWER, COMP-SCR001-MATE-PREVIEW, COMP-SHARED-MATE-POST-CARD, COMP-SHARED-CTA-BANNER, COMP-SHARED-FAVORITES-SHARE, DATA-DESTINATIONS, DATA-SAFETY, GLOBAL-LAYOUT-NAV-FOOTER, GLOBAL-DESIGN-TOKENS",`src/app/page.tsx`(전면 교체),"**Section 순서**: Hero → 국내 여행지 6개 → 해외 여행지 6개 → 여행 동기 6개 → 국가별 주의사항 6개 → 최근 동행글 3개(또는 완성형 Empty State) → free_traveler 소개. **Section별 데이터 출처**: Hero=검색 입력(클라이언트 상태, COMP-SCR001-SEARCH-BAR); 국내/해외=DATA-DESTINATIONS(scope 필터, COMP-SCR001-DESTINATION-EXPLORER); 여행 동기=DATA-DESTINATIONS themes 파생 Chip; 주의사항=DATA-SAFETY 6개 요약 카드; 최근 동행글=API-MATE-POSTS 최신 3건(COMP-SCR001-MATE-PREVIEW); 소개=DATA-REPRESENTATIVE 통계 배지. 위 Component/Data Task 전체를 실제로 조립해 최종 렌더. **`src/app/page.tsx`의 create-next-app 스타터(Next.js 로고, ""To get started, edit the page.tsx file"" 문구, Deploy Now/Documentation 링크)를 전량 제거**하고 실제 콘텐츠로 교체한다.","최소 콘텐츠 수: 국내 카드 6장/해외 카드 6장/동기 Chip 6개/주의사항 카드 6장/동행 미리보기 3건(또는 Empty State). Desktop 1440px 콘텐츠 폭 1200~1280px 중앙정렬, Card Grid 3~4열/Mobile 390px 1열, Section 상하 여백 Desktop 64~96px·Mobile 40~64px(D-001 §16); Hero 높이 뷰포트 55~65%, 다음 Section 제목이 fold에 걸쳐 보여야 함(D-001 §17). **Lorem ipsum·""준비 중""·""정보 확인 필요""·내용 없는 빈 카드 절대 금지.** 동행 미리보기 0건 시 완성형 Empty State(안내 문장+이용 방법+""동행글 작성하기"" CTA) 필수, 큰 빈 영역 금지.","즐겨찾기는 localStorage에만 저장(REQ-FUNC-068), 안전정보 Drawer MOFA 링크는 새 탭+`noopener,noreferrer`(REQ-FUNC-049)",E2E-PUBLIC-SMOKE + RELEASE-PERF-A11Y-CHECK,P0,TASKS/TASK-PAGE-SCR001.md,True,W09
49,PAGE-SCR002,SCR-002 대표 소개 페이지 조립,PAGE_OWNER,PLANNED_FULL,"REQ-FUNC-062, REQ-FUNC-064, REQ-FUNC-065, REQ-FUNC-070",SCR-002,`/about`,`src/app/about/page.tsx`,"COMP-SCR002-STAT-CARD, COMP-SCR002-INTRO-PHILOSOPHY, COMP-SCR002-TIMELINE, COMP-SCR002-FOOTPRINT-CHIPS, COMP-SCR002-GALLERY, COMP-SCR002-FAVORITE-PLACES, COMP-SHARED-DESTINATION-CARD, COMP-SHARED-CTA-BANNER, DATA-REPRESENTATIVE, GLOBAL-LAYOUT-NAV-FOOTER",`src/app/about/page.tsx`(신규),"**Section 순서**: Profile Hero → 여행 지표 → 소개·철학 → Timeline 6개 → 방문 국가 30개 → Gallery 8개 → 기억에 남는 여행지 4개와 CTA. **Section별 데이터 출처**: 전 Section이 단일 소스 DATA-REPRESENTATIVE(대표명/50+/30+/소개문/철학/방문국가/타임라인/갤러리/추천 여행지)를 사용하며, 추천 여행지 카드만 COMP-SHARED-DESTINATION-CARD를 재사용해 SCR-001 상세 Drawer로 연결. 문의/SNS 링크(REQ-FUNC-062)는 본 Page Owner가 직접 렌더링하며 빈 링크는 렌더링하지 않고 허용 프로토콜만 연다.","최소 콘텐츠 수: Timeline 6개 이상, 방문 국가 Chip 30개 이상, Gallery 8장 이상, 추천 여행지 4장. Desktop/Mobile 여백 규칙 SCR-001과 동일 적용, Hero는 `100vh` 금지·auto-height로 다음 Section 제목 노출. **Lorem ipsum·""준비 중""·빈 카드 금지** — 대표 소개는 정적 시드 데이터로 항상 완비되므로 Empty State는 해당 없으나, 시드 누락 시에도 빈 카드 대신 데이터 검증 스크립트가 빌드를 차단해야 한다.",이미지 메타데이터(alt/출처/작가/라이선스) 누락 시 렌더링 대신 기본 플레이스홀더 대체(REQ-FUNC-061),E2E-PUBLIC-SMOKE,P1,TASKS/TASK-PAGE-SCR002.md,True,W10
50,PAGE-SCR003,SCR-003 여행 준비 도구 페이지 조립,PAGE_OWNER,PLANNED_FULL,"REQ-FUNC-064, REQ-FUNC-065, REQ-FUNC-070",SCR-003,`/travel-tools`,`src/app/travel-tools/page.tsx`,"COMP-SCR003-TAB-SWITCHER, COMP-SCR003-FLIGHT-FORM, COMP-SCR003-HOTEL-FORM, COMP-SCR003-MATE-COMPOSER, COMP-SHARED-CTA-BANNER, GLOBAL-LAYOUT-NAV-FOOTER, AUTH-SETUP",`src/app/travel-tools/page.tsx`(신규),"**Section 순서**: Intro(3단계 안내) → 탭(항공/숙소/동행 구하기) → 여행정보 Form → 입력 요약·외부 이동 → 찾기 Tip 3개 → 동행 작성 또는 로그인 안내·안전 안내. **탭 전환 시 COMP-SCR003-FLIGHT-FORM/HOTEL-FORM/MATE-COMPOSER를 실제로 교체 렌더**한다(placeholder 탭 금지), 탭별 독립 상태. **Section별 데이터 출처**: Form 필드는 DATA-DESTINATIONS의 국가/지역 목록 재사용; 요약·외부 이동은 각 폼의 클라이언트 상태; 동행 작성은 API-MATE-POSTS(POST)+AUTH-SETUP 세션 상태.","최소 콘텐츠: Tip 카드 3장, 3단계 안내 3단계. Desktop/Mobile 여백 규칙 준수. **Lorem ipsum·""준비 중""·빈 카드 금지.** 동행 탭 비로그인 시 완성형 안내(로그인 필요 설명+로그인 CTA)로 대체, 빈 폼만 노출 금지.","**항공·숙소 입력값(국가/지역/날짜)을 서버·DB·외부 URL 쿼리로 절대 전송하지 않는다**(REQ-FUNC-017/025, REQ-NF-017) — Client 상태로만 유지, 네트워크 탭/서버 로그/DB에서 원시값 0건이어야 함. 외부 이동은 새 탭+`noopener,noreferrer`, HTTPS 허용목록만(REQ-FUNC-016/018/024/026). 동행 작성은 연락처 탐지 통과+성인 확인+안전수칙 동의 없이는 제출 불가(REQ-FUNC-027/028/032/080).","UNIT-TRAVEL-DATES, UNIT-CONTACT-DETECTION, E2E-TRAVEL-TOOLS",P0,TASKS/TASK-PAGE-SCR003.md,True,W12
51,PAGE-SCR004,SCR-004 동행 조회 페이지 조립,PAGE_OWNER,PLANNED_FULL,"REQ-FUNC-064, REQ-FUNC-065, REQ-FUNC-070",SCR-004,`/mates`,`src/app/mates/page.tsx`,"COMP-SCR004-FILTER-BAR, COMP-SCR004-MATE-LIST, COMP-SCR004-MATE-DETAIL, COMP-SCR004-PARTICIPATION-REQUEST, COMP-SCR004-REPORT-FORM, COMP-SCR004-BLOCK-ACTION, COMP-SHARED-MATE-POST-CARD, COMP-SHARED-MATE-STATE-UTIL, COMP-SHARED-CTA-BANNER, GLOBAL-LAYOUT-NAV-FOOTER",`src/app/mates/page.tsx`(신규),"**Section 순서**: Intro → Filter·결과 요약 → 동행 목록 → 상세 → 신청 방법 3단계 → 안전·신고·차단 안내와 CTA. COMP-SCR004-* 6개(FILTER-BAR/MATE-LIST/MATE-DETAIL/PARTICIPATION-REQUEST/REPORT-FORM/BLOCK-ACTION)를 전부 조립, Desktop 좌(목록)+우(상세) 분할/Mobile 목록→Drawer 전환. **Section별 데이터 출처**: Filter·목록·상세=API-MATE-POSTS; 참가=API-MATE-APPLICATIONS; 신고·차단=API-REPORTS-BLOCKS; 파생 상태=COMP-SHARED-MATE-STATE-UTIL.","최소 콘텐츠: 목록 최대 8건 우선 노출, 3단계 안내 3단계. **Lorem ipsum·""준비 중""·빈 카드 금지.** 결과 0건 시 완성형 Empty State(안내 문장+""검색 조건 초기화""+""새 동행글 작성하기"" CTA), Desktop/Mobile 여백 규칙 준수. 목록·상세 로딩 중 Skeleton 표시(COMP-SCR004-MATE-LIST/MATE-DETAIL), API 조회 실패 시 빈 화면 대신 재시도 버튼이 있는 인라인 오류 상태 표시.","상세 API 응답에 이메일·전화번호 등 연락처 필드 미포함(REQ-FUNC-033); 참가 요청·신고·차단은 비로그인/미성년 시 실제 폼 대신 로그인 유도로 대체(서버 RLS로도 차단, REQ-FUNC-044); 차단된 사용자 간 글/프로필/요청 미노출","TEST-RLS-BASIC, E2E-MATE-AUTH",P0,TASKS/TASK-PAGE-SCR004.md,True,W15
52,PAGE-SCR005,SCR-005 계정·관리 페이지 조립,PAGE_OWNER,PLANNED_FULL,"REQ-FUNC-064, REQ-FUNC-065, REQ-FUNC-070",SCR-005,`/account`,`src/app/account/page.tsx`,"COMP-SCR005-ROLE-TABS, COMP-SCR005-AUTH-FORMS, COMP-SCR005-PROFILE-FORM, COMP-SCR005-MY-ACTIVITY, COMP-SCR005-ADMIN-PANEL, GLOBAL-LAYOUT-NAV-FOOTER, AUTH-SETUP",`src/app/account/page.tsx`(신규),"현재 역할(Guest/Member/Admin)의 **Intro → 핵심 작업 → 도움말 또는 다음 행동**만 표시. 역할별 구성: Guest=로그인/가입(COMP-SCR005-AUTH-FORMS); Adult Member=프로필(COMP-SCR005-PROFILE-FORM)+내 활동(COMP-SCR005-MY-ACTIVITY); Moderator/Admin=프로필+내 활동+관리자(COMP-SCR005-ADMIN-PANEL). COMP-SCR005-ROLE-TABS로 역할별 탭을 **실제로 조립**하며, **역할에 없는 관리 영역은 렌더링하지 않는다**(서버/클라이언트 모두, CSS 숨김으로 대체 금지). **Section별 데이터 출처**: Guest 로그인/가입=AUTH-SETUP 세션; 프로필=`user_profile`(DB-ACCESS); 내 글·받은/보낸 요청=`mate_post`·`mate_application`(API-MATE-POSTS/API-MATE-APPLICATIONS); 차단 목록=`user_block`; 신고 처리 현황=`report`(API-ADMIN-OPERATIONS); 외부 URL 설정=`outbound_link_setting`(API-ADMIN-OPERATIONS).","관리자 탭은 정확히 2개 Section(신고 처리 현황/외부 URL 설정(항공·숙소 HTTPS URL 2개)), 통계 그래프·KPI 카드·감사 로그 타임라인 절대 금지. **Lorem ipsum·""준비 중""·빈 카드 금지.** 내 글/받은요청/보낸요청/차단목록/신고목록 0건 시 각각 완성형 Empty State(""아직 ○○이 없어요""+이용 방법+CTA), Desktop/Mobile 여백 규칙 준수. 내 활동·관리자 탭 데이터 로딩 중 Skeleton 표시(COMP-SCR005-MY-ACTIVITY/ADMIN-PANEL), API 조회 실패 시 빈 화면 대신 재시도 버튼이 있는 인라인 오류 상태 표시.","역할에 없는 탭은 서버 컴포넌트+RLS 양쪽에서 접근 불가(REQ-FUNC-044, REQ-NF-013); 성인 확인은 생년월일 대신 `is_adult`+`adult_verified_at`만 저장(REQ-FUNC-028); 관리자 외부 URL 설정은 HTTPS 허용목록만 저장 가능(REQ-FUNC-077)","TEST-RLS-BASIC, E2E-MATE-AUTH",P0,TASKS/TASK-PAGE-SCR005.md,True,W17
53,ROUTE-NOT-FOUND-ERROR,404/500 오류 화면,ROUTE,PLANNED_FULL,REQ-FUNC-078,TECHNICAL_ROUTE,`*`(not-found/error),"`src/app/not-found.tsx`, `src/app/error.tsx`",GLOBAL-LAYOUT-NAV-FOOTER,"`src/app/not-found.tsx`, `src/app/error.tsx`(신규)",404/500/외부 연결 실패 화면에 홈/이전/재시도 중 최소 1개 복구 행동 제공,"Header/Footer 유지, 빈 화면 아님",해당 없음,각 오류 화면 수동 진입 확인,P1,TASKS/TASK-ROUTE-NOT-FOUND-ERROR.md,True,W03
54,ROUTE-POLICY-PAGES,정책 정적 페이지,ROUTE,PLANNED_FULL,REQ-FUNC-080,TECHNICAL_ROUTE,"`/terms`, `/privacy`, `/safety-guidelines`","`src/app/terms/page.tsx`, `src/app/privacy/page.tsx`, `src/app/safety-guidelines/page.tsx`",GLOBAL-LAYOUT-NAV-FOOTER,"`src/app/terms/page.tsx`, `src/app/privacy/page.tsx`, `src/app/safety-guidelines/page.tsx`(신규)","이용약관/개인정보 처리방침/동행 안전수칙/콘텐츠 면책 안내 정적 콘텐츠, 정책 버전 식별자 포함","Lorem ipsum·""준비 중"" 금지, 실제 정책 문구",정책 버전+동의 시각은 COMP-SCR003-MATE-COMPOSER 제출 시 저장(본 Task는 콘텐츠만 소유),수동 열람 확인,P2,TASKS/TASK-ROUTE-POLICY-PAGES.md,True,W03
55,UNIT-TRAVEL-DATES,날짜 검증 단위 테스트,UNIT_TEST,PLANNED_FULL,"REQ-FUNC-013, REQ-FUNC-021",SCR-003,`/travel-tools`,—,"COMP-SCR003-FLIGHT-FORM, COMP-SCR003-HOTEL-FORM",`tests/unit/travelDates.test.ts`(신규),"과거 출발일/체크인, 귀국일<출발일, 체크아웃≤체크인 등 경계값 케이스 전수 검증",해당 없음,해당 없음,`vitest run tests/unit/travelDates.test.ts`,P0,TASKS/TASK-UNIT-TRAVEL-DATES.md,True,W19
56,UNIT-CONTACT-DETECTION,연락처 탐지 단위 테스트,UNIT_TEST,PLANNED_FULL,REQ-FUNC-032,SCR-003,`/travel-tools`,—,COMP-SCR003-MATE-COMPOSER,`tests/unit/contactDetection.test.ts`(신규),전화번호/이메일/메신저 ID 패턴 기준 테스트셋으로 탐지율 95% 이상·오탐 5% 이하 측정,해당 없음,해당 없음,`vitest run tests/unit/contactDetection.test.ts`,P0,TASKS/TASK-UNIT-CONTACT-DETECTION.md,True,W18
57,UNIT-MATE-STATE,동행글 상태 전이 단위 테스트,UNIT_TEST,PLANNED_FULL,REQ-FUNC-037,SCR-004,`/mates`,—,COMP-SHARED-MATE-STATE-UTIL,`tests/unit/mateState.test.ts`(신규),"OPEN→CLOSED 파생 전이(종료일 기준), 경계일(당일/익일) 케이스 검증",해당 없음,해당 없음,`vitest run tests/unit/mateState.test.ts`,P0,TASKS/TASK-UNIT-MATE-STATE.md,True,W18
58,TEST-RLS-BASIC,RLS 부정 접근 통합 테스트,INTEGRATION_TEST,PLANNED_FULL,"REQ-FUNC-044, REQ-NF-013","SCR-004, SCR-005",—,—,"DB-RLS-BASE, DB-SEED-BASE",`tests/integration/rls.test.ts`(신규),역할별(Guest/다른 Member/Moderator/Admin) 비공개 데이터 접근 시도가 403 또는 빈 결과로 차단됨을 전수 검증,해당 없음,본 Task 자체가 보안 검증 Task,Supabase 로컬 인스턴스 대상 통합 테스트 실행,P0,TASKS/TASK-TEST-RLS-BASIC.md,True,W18
59,E2E-PUBLIC-SMOKE,공개 화면 Smoke(SCR-001/002),E2E_TEST,PLANNED_FULL,REQ-NF-024,"SCR-001, SCR-002","`/`, `/about`",—,"PAGE-SCR001, PAGE-SCR002","`e2e/public-smoke.spec.ts`, `playwright.config.ts`(신규)","핵심 흐름 ①UC-01 여행지 탐색(필터→카드→Drawer) ②UC-07·UC-08 안전정보 Drawer와 대표 소개(/about) 방문+상호작용, axe-core 통합 검사(serious/critical 0건)",해당 없음,해당 없음,`playwright test --project=chromium e2e/public-smoke.spec.ts`,P0,TASKS/TASK-E2E-PUBLIC-SMOKE.md,True,W18
60,E2E-TRAVEL-TOOLS,여행 준비 도구 Smoke(SCR-003),E2E_TEST,PLANNED_FULL,"REQ-FUNC-011, REQ-FUNC-016, REQ-FUNC-019, REQ-FUNC-024, REQ-FUNC-031, REQ-FUNC-080",SCR-003,`/travel-tools`,—,PAGE-SCR003,`e2e/travel-tools.spec.ts`(신규),핵심 흐름 ③UC-02(항공)·UC-03(호텔) 입력→요약→외부 이동 버튼 클릭까지 ④UC-04 로그인 후 동행 작성(여행정보 입력 포함),해당 없음,외부 이동 클릭 시 새 탭 URL에 쿼리 파라미터가 없는지 검증,`playwright test --project=chromium e2e/travel-tools.spec.ts`,P0,TASKS/TASK-E2E-TRAVEL-TOOLS.md,True,W18
61,E2E-MATE-AUTH,인증+동행 전체 흐름 Smoke(SCR-004/005),E2E_TEST,PLANNED_FULL,"REQ-FUNC-027, REQ-FUNC-034, REQ-FUNC-036, REQ-FUNC-039, REQ-FUNC-040, REQ-FUNC-041, REQ-FUNC-066","SCR-004, SCR-005","`/mates`, `/account`",—,"PAGE-SCR004, PAGE-SCR005, AUTH-SETUP",`e2e/mate-auth.spec.ts`(신규),"핵심 흐름 ⑤UC-05 동행 목록→상세→참가 요청→작성자 승인 ⑥UC-06 신고·차단→관리자 신고 상태 변경, 로그인부터 전 구간(Playwright 핵심 흐름 총 6개, chromium 전용)",해당 없음,비로그인 상태에서 참가/신고/차단 폼이 렌더링되지 않고 로그인 유도만 나타나는지 검증,`playwright test --project=chromium e2e/mate-auth.spec.ts`,P0,TASKS/TASK-E2E-MATE-AUTH.md,True,W18
62,RELEASE-PERF-A11Y-CHECK,성능/접근성 목표치 릴리스 점검,RELEASE_CHECK,PLANNED_TARGET_METRIC,"REQ-NF-001, REQ-NF-002, REQ-NF-003, REQ-NF-004, REQ-NF-006, REQ-NF-023",GLOBAL,전체 5개 Screen,—,"PAGE-SCR001, PAGE-SCR002, PAGE-SCR003, PAGE-SCR004, PAGE-SCR005","`docs/release/perf-a11y-checklist.md`(신규, 결과 기록용)","배포 직전 5개 Screen에 대해 수동 Lighthouse(LCP≤2.5s/INP≤200ms/CLS≤0.1 목표) + 키보드 탐색 확인 — CI 게이트 아님(PROJECT_SCOPE 목표치 원칙), 브라우저 확인 필요 항목이므로 Manual/Release Check Task로 연결",해당 없음,해당 없음,수동 Lighthouse 리포트 + 체크리스트 기록,P1,TASKS/TASK-RELEASE-PERF-A11Y-CHECK.md,True,W20
63,CI-LINT-TYPECHECK-TEST,CI 파이프라인,CI,PLANNED_FULL,REQ-NF-031,GLOBAL,—,—,(없음),`.github/workflows/ci.yml`(신규),"`main` 병합 전 TypeScript strict, ESLint, `vitest run`, `playwright test --project=chromium`(Smoke 3종) 필수 통과",해당 없음,해당 없음,CI 워크플로 자체 실행 결과,P0,TASKS/TASK-CI-LINT-TYPECHECK-TEST.md,True,W18
64,DEPLOY-VERCEL-ENV,Vercel 배포/환경변수 확인,DEPLOY,PLANNED_FULL,"REQ-NF-012, REQ-NF-016, REQ-NF-034",GLOBAL,—,—,"CI-LINT-TYPECHECK-TEST, DB-SEED-BASE",`docs/release/deploy-checklist.md`(신규),"Vercel Preview/Production 배포 확인, `FLIGHT_OUTBOUND_URL`/`HOTEL_OUTBOUND_URL`/Supabase 키를 서버 전용 환경변수로 설정(NEXT_PUBLIC_ 접두사 없음), TLS 기본 적용 확인",해당 없음,"클라이언트 번들에 비밀키 노출 0건 확인; Vercel+Supabase만 사용(AWS/EC2 없음, REQ-NF-034)",배포 후 빌드 로그+번들 검사 수동 확인,P0,TASKS/TASK-DEPLOY-VERCEL-ENV.md,True,W20
